query_id,difficulty,query,tool_name,intent_index,expected_arguments_json,selection_rationale
E01,easy,List all books in the catalog.,get_books,1,{},Catalog listing; no receipt detail requested.
E02,easy,"Tell me the title, author, and current stock for B001.",get_book_details,1,"{""book_id"": ""B001""}",One exact book ID asks for catalog facts and lifetime totals.
E03,easy,How many units of B003 are currently available?,get_stock_availability,1,"{""book_ids"": [""B003""]}","Current inventory snapshot, not sales history."
E04,easy,Show the first page of stock receipts.,list_stock_receipts,1,"{""limit"": 5}",Individual dated receipt events are requested.
E05,easy,Summarize vendor A's supply.,get_vendor_summary,1,"{""vendor_id"": ""VENDOR-A""}",One vendor asks for one-vendor aggregate supply metrics.
E06,easy,Give me monthly sales totals.,get_sales_trends,1,{},"Grouped monthly totals, not event-level records."
E07,easy,Compare vendors A and B by supply volume.,compare_vendors,1,"{""vendor_ids"": [""VENDOR-A"", ""VENDOR-B""]}",Side-by-side supply comparison across two vendors.
E08,easy,List individual sale records for B001.,get_sales,1,"{""book_ids"": [""B001""], ""limit"": 5}","Individual sale rows, not grouped trend buckets."
E09,easy,List books in the fantasy genre.,get_books,1,"{""genre"": ""fantasy""}",Catalog filter by one canonical genre.
E10,easy,Which books are out of stock?,get_stock_availability,1,"{""limit"": 50, ""stock_status"": ""out_of_stock""}",Current stock-status filter.
M01,medium,Which fiction books had receipts from vendor B during August 2026?,get_books,1,"{""genre"": ""fiction"", ""received_before"": ""2026-09-01"", ""received_from"": ""2026-08-01"", ""vendor_ids"": [""VENDOR-B""]}",Distinct catalog books filtered by same-receipt vendor/date and genre.
M02,medium,Show B001 receipts from vendor B in August 2026.,list_stock_receipts,1,"{""book_ids"": [""B001""], ""received_before"": ""2026-09-01"", ""received_from"": ""2026-08-01"", ""vendor_ids"": [""VENDOR-B""]}",Dated receipt ledger with both book and vendor filters.
M03,medium,Show low-stock science-fiction books.,get_stock_availability,1,"{""genre"": ""science-fiction"", ""limit"": 50, ""stock_status"": ""low_stock""}",Current stock state filtered by genre and status.
M04,medium,Summarize vendor C's receipts during August 2026.,get_vendor_summary,1,"{""received_before"": ""2026-09-01"", ""received_from"": ""2026-08-01"", ""vendor_id"": ""VENDOR-C""}",One-vendor supply aggregate over an explicit receipt window.
M05,medium,Give weekly fantasy sales for August 2026.,get_sales_trends,1,"{""genre"": ""fantasy"", ""interval"": ""week"", ""sold_before"": ""2026-09-01"", ""sold_from"": ""2026-08-01""}",Grouped calendar series with date and genre filters.
M06,medium,List August sale rows in fiction with quantities from 3 through 6.,get_sales,1,"{""genre"": ""fiction"", ""limit"": 10, ""max_quantity"": 6, ""min_quantity"": 3, ""sold_before"": ""2026-09-01"", ""sold_from"": ""2026-08-01""}","Detailed sale events with date, genre, and per-event quantity bounds."
M07,medium,Compare all four vendors' receipt volume for August 2026.,compare_vendors,1,"{""received_before"": ""2026-09-01"", ""received_from"": ""2026-08-01"", ""vendor_ids"": [""VENDOR-A"", ""VENDOR-B"", ""VENDOR-C"", ""VENDOR-D""]}",Compare four vendors over the same bounded period.
M08,medium,What are the catalog facts and lifetime stock totals for B100?,get_book_details,1,"{""book_id"": ""B100""}",Exact-ID detail request; lifetime fixture totals.
M09,medium,List fantasy books supplied by A or C in August 2026.,get_books,1,"{""genre"": ""fantasy"", ""received_before"": ""2026-09-01"", ""received_from"": ""2026-08-01"", ""vendor_ids"": [""VENDOR-A"", ""VENDOR-C""]}","OR across vendor IDs, AND with genre and receipt window."
M10,medium,"Show detailed sales of B003 with at least two units, from March through May 2026.",get_sales,1,"{""book_ids"": [""B003""], ""limit"": 20, ""min_quantity"": 2, ""sold_before"": ""2026-06-01"", ""sold_from"": ""2026-03-01""}","Event-level sales filtered by book, date, and minimum quantity."
H01,hard,Show B001's current stock and its individual sale records.,get_stock_availability,1,"{""book_ids"": [""B001""]}",Current inventory snapshot.
H01,hard,Show B001's current stock and its individual sale records.,get_sales,2,"{""book_ids"": [""B001""], ""limit"": 50}",Individual event history requested alongside stock.
H02,hard,"Compare vendors A and B for August receipts, and give me their monthly sales trend for August.",compare_vendors,1,"{""received_before"": ""2026-09-01"", ""received_from"": ""2026-08-01"", ""vendor_ids"": [""VENDOR-A"", ""VENDOR-B""]}",Vendor supply comparison.
H02,hard,"Compare vendors A and B for August receipts, and give me their monthly sales trend for August.",get_sales_trends,2,"{""interval"": ""month"", ""sold_before"": ""2026-09-01"", ""sold_from"": ""2026-08-01""}",Sales are a separate measure from receipts; grouped by month.
H03,hard,List science books in the catalog and the detailed receipts for science books in August.,get_books,1,"{""genre"": ""science""}",Distinct catalog inventory by genre.
H03,hard,List science books in the catalog and the detailed receipts for science books in August.,list_stock_receipts,2,"{""genre"": ""science"", ""received_before"": ""2026-09-01"", ""received_from"": ""2026-08-01""}",Event-level inbound receipts by genre and period.
H04,hard,Give me B001's lifetime totals and its August receipt rows.,get_book_details,1,"{""book_id"": ""B001""}",One-book lifetime totals.
H04,hard,Give me B001's lifetime totals and its August receipt rows.,list_stock_receipts,2,"{""book_ids"": [""B001""], ""received_before"": ""2026-09-01"", ""received_from"": ""2026-08-01""}",Individual dated receipt events for that book.
H05,hard,Show current low-stock fantasy titles and daily fantasy sales for August.,get_stock_availability,1,"{""genre"": ""fantasy"", ""limit"": 50, ""stock_status"": ""low_stock""}",Current stock state filtered by genre and low-stock threshold.
H05,hard,Show current low-stock fantasy titles and daily fantasy sales for August.,get_sales_trends,2,"{""genre"": ""fantasy"", ""interval"": ""day"", ""sold_before"": ""2026-09-01"", ""sold_from"": ""2026-08-01""}",Daily grouped sold-unit series for the same genre and date window.
H06,hard,Summarize vendor D's August supply and compare D with A over that same month.,get_vendor_summary,1,"{""received_before"": ""2026-09-01"", ""received_from"": ""2026-08-01"", ""vendor_id"": ""VENDOR-D""}",Detailed one-vendor summary.
H06,hard,Summarize vendor D's August supply and compare D with A over that same month.,compare_vendors,2,"{""received_before"": ""2026-09-01"", ""received_from"": ""2026-08-01"", ""vendor_ids"": [""VENDOR-A"", ""VENDOR-D""]}",Explicit pairwise comparison over identical dates.
H07,hard,Return August sale rows for B004 and weekly history sales for August.,get_sales,1,"{""book_ids"": [""B004""], ""limit"": 50, ""sold_before"": ""2026-09-01"", ""sold_from"": ""2026-08-01""}",Event-level records for one exact book.
H07,hard,Return August sale rows for B004 and weekly history sales for August.,get_sales_trends,2,"{""genre"": ""history"", ""interval"": ""week"", ""sold_before"": ""2026-09-01"", ""sold_from"": ""2026-08-01""}",Grouped weekly sales by the resolved history genre.
H08,hard,"Which vendor supplied B003 in August, and how many units of B003 remain now?",list_stock_receipts,1,"{""book_ids"": [""B003""], ""received_before"": ""2026-09-01"", ""received_from"": ""2026-08-01""}",Vendor/date-specific receipt rows for the book.
H08,hard,"Which vendor supplied B003 in August, and how many units of B003 remain now?",get_stock_availability,2,"{""book_ids"": [""B003""]}",Current remaining inventory is a separate snapshot measure.
H09,hard,List books imported from vendor A in August and compare A's delivered volume with C's.,get_books,1,"{""received_before"": ""2026-09-01"", ""received_from"": ""2026-08-01"", ""vendor_ids"": [""VENDOR-A""]}",Distinct catalog books matching vendor and period.
H09,hard,List books imported from vendor A in August and compare A's delivered volume with C's.,compare_vendors,2,"{""received_before"": ""2026-09-01"", ""received_from"": ""2026-08-01"", ""vendor_ids"": [""VENDOR-A"", ""VENDOR-C""]}",Compare full delivered volume across the same window.
H10,hard,Give B002's individual sales and its current stock availability.,get_sales,1,"{""book_ids"": [""B002""], ""limit"": 50}",Individual sale records for the exact book.
H10,hard,Give B002's individual sales and its current stock availability.,get_stock_availability,2,"{""book_ids"": [""B002""]}","Current remaining units, not lifetime sold units."
V01,very_complex,"For August 2026, compare vendors A–D by receipt volume, show B001's actual sales rows, and give the whole-store weekly sales trend.",compare_vendors,1,"{""received_before"": ""2026-09-01"", ""received_from"": ""2026-08-01"", ""vendor_ids"": [""VENDOR-A"", ""VENDOR-B"", ""VENDOR-C"", ""VENDOR-D""]}",Four-way supply comparison for the requested receipt window.
V01,very_complex,"For August 2026, compare vendors A–D by receipt volume, show B001's actual sales rows, and give the whole-store weekly sales trend.",get_sales,2,"{""book_ids"": [""B001""], ""limit"": 50, ""sold_before"": ""2026-09-01"", ""sold_from"": ""2026-08-01""}","Raw event rows for one book, distinct from trend aggregation."
V01,very_complex,"For August 2026, compare vendors A–D by receipt volume, show B001's actual sales rows, and give the whole-store weekly sales trend.",get_sales_trends,3,"{""interval"": ""week"", ""sold_before"": ""2026-09-01"", ""sold_from"": ""2026-08-01""}",Whole-store weekly totals for the same calendar window.
V02,very_complex,"Find fantasy books received from A or C in August, list the matching receipt rows, and report current availability for fantasy books.",get_books,1,"{""genre"": ""fantasy"", ""limit"": 50, ""received_before"": ""2026-09-01"", ""received_from"": ""2026-08-01"", ""vendor_ids"": [""VENDOR-A"", ""VENDOR-C""]}",Resolve distinct catalog books using same-receipt matching.
V02,very_complex,"Find fantasy books received from A or C in August, list the matching receipt rows, and report current availability for fantasy books.",list_stock_receipts,2,"{""genre"": ""fantasy"", ""limit"": 50, ""received_before"": ""2026-09-01"", ""received_from"": ""2026-08-01"", ""vendor_ids"": [""VENDOR-A"", ""VENDOR-C""]}",Show underlying receipt events with the exact same filters.
V02,very_complex,"Find fantasy books received from A or C in August, list the matching receipt rows, and report current availability for fantasy books.",get_stock_availability,3,"{""genre"": ""fantasy"", ""limit"": 50}","Current stock is a separate snapshot, not implied by receipts."
V03,very_complex,"For science-fiction sales in August with quantity 3–6, show event rows, then summarize the same dates by day.",get_sales,1,"{""genre"": ""science-fiction"", ""limit"": 50, ""max_quantity"": 6, ""min_quantity"": 3, ""sold_before"": ""2026-09-01"", ""sold_from"": ""2026-08-01""}",Detailed transactions with per-sale quantity bounds.
V03,very_complex,"For science-fiction sales in August with quantity 3–6, show event rows, then summarize the same dates by day.",get_sales_trends,2,"{""genre"": ""science-fiction"", ""interval"": ""day"", ""sold_before"": ""2026-09-01"", ""sold_from"": ""2026-08-01""}",Daily aggregate series; do not apply transaction-level quantity filters to grouped totals.
V04,very_complex,"Give vendor B's August receipt summary, its August receipt ledger, and compare B with D for the same period.",get_vendor_summary,1,"{""received_before"": ""2026-09-01"", ""received_from"": ""2026-08-01"", ""vendor_id"": ""VENDOR-B""}",Aggregate one-vendor metrics.
V04,very_complex,"Give vendor B's August receipt summary, its August receipt ledger, and compare B with D for the same period.",list_stock_receipts,2,"{""limit"": 50, ""received_before"": ""2026-09-01"", ""received_from"": ""2026-08-01"", ""vendor_ids"": [""VENDOR-B""]}",Individual receipt rows for the same vendor and window.
V04,very_complex,"Give vendor B's August receipt summary, its August receipt ledger, and compare B with D for the same period.",compare_vendors,3,"{""received_before"": ""2026-09-01"", ""received_from"": ""2026-08-01"", ""vendor_ids"": [""VENDOR-B"", ""VENDOR-D""]}",Side-by-side common-window vendor comparison.
V05,very_complex,"For B001, report its current stock and August sale records, plus daily fiction sales for August.",get_stock_availability,1,"{""book_ids"": [""B001""]}",Current inventory snapshot.
V05,very_complex,"For B001, report its current stock and August sale records, plus daily fiction sales for August.",get_sales,2,"{""book_ids"": [""B001""], ""limit"": 50, ""sold_before"": ""2026-09-01"", ""sold_from"": ""2026-08-01""}",Individual transactions for B001.
V05,very_complex,"For B001, report its current stock and August sale records, plus daily fiction sales for August.",get_sales_trends,3,"{""genre"": ""fiction"", ""interval"": ""day"", ""sold_before"": ""2026-09-01"", ""sold_from"": ""2026-08-01""}",Daily grouped sales for B001's fixture genre; explicitly a genre-level trend.
V06,very_complex,"List all out-of-stock history books, show March history receipts, and compare vendors A and C by total March receipt volume.",get_stock_availability,1,"{""genre"": ""history"", ""limit"": 50, ""stock_status"": ""out_of_stock""}",Current inventory status and genre.
V06,very_complex,"List all out-of-stock history books, show March history receipts, and compare vendors A and C by total March receipt volume.",list_stock_receipts,2,"{""genre"": ""history"", ""limit"": 50, ""received_before"": ""2026-04-01"", ""received_from"": ""2026-03-01""}",Historical inbound receipt rows for the genre.
V06,very_complex,"List all out-of-stock history books, show March history receipts, and compare vendors A and C by total March receipt volume.",compare_vendors,3,"{""received_before"": ""2026-04-01"", ""received_from"": ""2026-03-01"", ""vendor_ids"": [""VENDOR-A"", ""VENDOR-C""]}",Compare supply totals for the same March receipt window.
V07,very_complex,"Compare all vendors' August supply, then list August science sales with at least four units and give monthly science totals.",compare_vendors,1,"{""received_before"": ""2026-09-01"", ""received_from"": ""2026-08-01"", ""vendor_ids"": [""VENDOR-A"", ""VENDOR-B"", ""VENDOR-C"", ""VENDOR-D""]}",Compare four suppliers by incoming supply.
V07,very_complex,"Compare all vendors' August supply, then list August science sales with at least four units and give monthly science totals.",get_sales,2,"{""genre"": ""science"", ""limit"": 50, ""min_quantity"": 4, ""sold_before"": ""2026-09-01"", ""sold_from"": ""2026-08-01""}",Detailed individual science sales above the per-event quantity threshold.
V07,very_complex,"Compare all vendors' August supply, then list August science sales with at least four units and give monthly science totals.",get_sales_trends,3,"{""genre"": ""science"", ""interval"": ""month"", ""sold_before"": ""2026-09-01"", ""sold_from"": ""2026-08-01""}",Monthly aggregate units; not filtered by each event's minimum quantity.
V08,very_complex,"Find books with August receipts from vendor D, check the exact August receipt history for B004, and give B004's lifetime book totals.",get_books,1,"{""limit"": 50, ""received_before"": ""2026-09-01"", ""received_from"": ""2026-08-01"", ""vendor_ids"": [""VENDOR-D""]}",Distinct books matched by vendor and August receipts.
V08,very_complex,"Find books with August receipts from vendor D, check the exact August receipt history for B004, and give B004's lifetime book totals.",list_stock_receipts,2,"{""book_ids"": [""B004""], ""received_before"": ""2026-09-01"", ""received_from"": ""2026-08-01""}","B004's individual August receipts, regardless of vendor."
V08,very_complex,"Find books with August receipts from vendor D, check the exact August receipt history for B004, and give B004's lifetime book totals.",get_book_details,3,"{""book_id"": ""B004""}",Lifetime totals and identity for the exact book.
V09,very_complex,"For each vendor A and C, compare August receipts; also show the detailed sales rows for fiction books in August whose sale quantity is 2–5.",compare_vendors,1,"{""received_before"": ""2026-09-01"", ""received_from"": ""2026-08-01"", ""vendor_ids"": [""VENDOR-A"", ""VENDOR-C""]}",Vendor supply comparison.
V09,very_complex,"For each vendor A and C, compare August receipts; also show the detailed sales rows for fiction books in August whose sale quantity is 2–5.",get_sales,2,"{""genre"": ""fiction"", ""limit"": 50, ""max_quantity"": 5, ""min_quantity"": 2, ""sold_before"": ""2026-09-01"", ""sold_from"": ""2026-08-01""}",Detailed transaction rows with genre and per-row quantity range.
V10,very_complex,"Show weekly science-fiction sales for the full fixture period, detailed sales records for B002 over that period, and B002's current availability.",get_sales_trends,1,"{""genre"": ""science-fiction"", ""interval"": ""week""}",Full-period grouped weekly trend for a genre.
V10,very_complex,"Show weekly science-fiction sales for the full fixture period, detailed sales records for B002 over that period, and B002's current availability.",get_sales,2,"{""book_ids"": [""B002""], ""limit"": 50}",Full-period transaction ledger for the exact book.
V10,very_complex,"Show weekly science-fiction sales for the full fixture period, detailed sales records for B002 over that period, and B002's current availability.",get_stock_availability,3,"{""book_ids"": [""B002""]}",Current availability snapshot.
